﻿<?xml version="1.0" encoding="UTF-8" standalone="yes"?>
<addon id="plugin.video.hdrezka.tv" name="Hdrezka.tv" version="1.0.1" provider-name="MrStealth">
    <requires>
        <import addon="xbmc.python" version="2.1.0"/>
        <import addon="script.module.xbmc.helpers" version="2.0.1"/>
        <import addon="script.module.translit" version="1.0.3"/>
    </requires>
    <extension point="xbmc.python.pluginsource" provides="video" library="default.py">>
        <provides>video</provides>
    </extension>
    <extension point= "xbmc.addon.metadata">
        <summary>Hdrezka.tv</summary>
        <description>HDREZKA.TV - Фильмы, мультфильмы и сериалы в высоком качестве 720</description>
        <description>For personal use only</description>
        <platform>all</platform>
    </extension>
</addon>
