<?xml version="1.0" encoding="UTF-8" standalone="yes"?>
<addon id="plugin.video.borisb.uakino.net" name="Uakino.net (BorisB)" version="3.0.0" provider-name="BorisB">
  <requires>
    <import addon="xbmc.python" version="2.1.0"/>
    <import addon="script.module.xbmc.helpers" version="2.0.1" />
    <import addon="script.module.xbmcswift2" version="2.4.0" />
  </requires>
  <extension point="xbmc.python.pluginsource" provides="video" library="default.py">
    <provides>video</provides>
  </extension>
  <extension point="xbmc.addon.metadata">
    <summary>Новинки кино, мультфильмы, сериалы</summary>
    <description>For personal use only</description>
    <platform>all</platform>
  </extension>
</addon>
