<?xml version="1.0" encoding="UTF-8" standalone="yes"?>
<addon id="repository.mrstealth" name="BorisB74 XBMC Add-ons" version="1.0.4" provider-name="BorisB74">
	<extension point="xbmc.addon.repository" name="BorisB74 XBMC Add-ons Repository">
		<info compressed="false">https://raw.github.com/borisb74/xbmc-plugins/master/addons.xml</info>
		<checksum>https://raw.github.com/borisb74/xbmc-plugins/master/addons.xml.md5</checksum>
		<datadir zip="true">https://raw.github.com/borisb74/xbmc-plugins/master/repo/</datadir>
	</extension>
	<extension point="xbmc.addon.metadata">
		<summary>Install Add-ons from BorisB74 add-on repository</summary>
		<description>Download and install add-ons by BorisB74</description>
		<disclaimer>Add-ons for home usage in XBMC</disclaimer>
		<platform>all</platform>
	</extension>
</addon>
