<?xml version="1.0" encoding="UTF-8" standalone="yes"?>
<addon id="plugin.video.online-life.ru" name="Online-life.ru (UnifiedSearch)" version="2.1.3" provider-name="MrStealth">
  <requires>
    <import addon="xbmc.python" version="2.1.0"/>
    <import addon="script.module.favorites" version="1.0.4"/>
    <import addon="script.module.xbmc.helpers" version="2.0.1"/>
  </requires>
  <extension point="xbmc.python.pluginsource" provides="video" library="default.py">
    <provides>video</provides>
  </extension>
  <extension point="xbmc.addon.metadata">
    <summary>Online-life.ru</summary>
    <description>For personal use only</description>
    <platform>all</platform>
  </extension>
</addon>
